id,product_name,shop_name,price,monthly_sales,monthly_revenue,growth_rate,total_sales,reviews,listing_age_months,category,subcategory,search_term,competition,manufacturing_method,complexity,estimated_cogs,estimated_margin,opportunity_score,market_score,feasibility_score,profitability_score
25,"Personalized Serving Board for Couple, Marble Wood Cheese Board",MontiqueCrafts,129.18,1158,149590.0,92,2922,574,11,CNC & Laser Cut Products,custom_engraved,custom engraved wood,101516,,,,,,,,
56,"Personalized Serving Board for Couple, Marble Wood Cheese Board",MontiqueCrafts,129.18,1158,149590.0,92,2922,574,11,cnc_laser_products,custom_engraved,custom engraved wood,101516,,,,,,,,
88,"Personalized Serving Board for Couple, Marble Wood Cheese Board",MontiqueCrafts,129.18,1158,149590.0,92,2922,574,11,,,cnc_laser_products custom_engraved,101516,CNC/Laser,Medium,,,68.2,49.0,82.0,80.0
165,"Personalized Serving Board for Couple, Marble Wood Cheese Board",MontiqueCrafts,129.18,1158,149590.0,92,2922,574,11,,,cnc_laser_products custom_engraved,101516,CNC/Laser,Medium,,,68.2,49.0,82.0,80.0
242,"Personalized Serving Board for Couple, Marble Wood Cheese Board",MontiqueCrafts,129.18,1158,149590.0,92,2922,574,11,,,cnc_laser_products custom_engraved,101516,CNC/Laser,Medium,,,68.2,49.0,82.0,80.0
42,Wooden World Map,EnjoyTheWood,166.33,164,115207.0,160,5482,816,67,wall_art,,Custom 3D Topographic/Lake Maps,,,,,,,,,
53,Personalized Wood Desk Organizer,WoodGothicCraft,57.49,1674,96238.0,181,8959,1269,14,office_organization,,Wood Desk Organizers & Docking Stations,,,,,,,,,
40,Custom Lake Depth Map,MapCuts,99.0,238,82281.0,500,3866,1020,40,wall_art,,Custom 3D Topographic/Lake Maps,,,,,,,,,
15,"Custom Epoxy Table, Rustic Dining Table",WoodDora,2750.0,19,52250.0,0,19,3,2,Resin + Wood Hybrid Products,epoxy_tables,epoxy resin table,61638,,,,,,,,
57,"Custom Epoxy Table, Rustic Dining Table",WoodDora,2750.0,19,52250.0,0,19,3,2,resin_wood_combinations,epoxy_tables,epoxy resin table,61638,,,,,,,,
96,"Custom Epoxy Table, Rustic Dining Table",WoodDora,2750.0,19,52250.0,0,19,3,2,,,resin_wood_combinations epoxy_tables,61638,Resin/Epoxy,Medium,,,61.3,46.0,82.0,61.0
173,"Custom Epoxy Table, Rustic Dining Table",WoodDora,2750.0,19,52250.0,0,19,3,2,,,resin_wood_combinations epoxy_tables,61638,Resin/Epoxy,Medium,,,61.3,46.0,82.0,61.0
250,"Custom Epoxy Table, Rustic Dining Table",WoodDora,2750.0,19,52250.0,0,19,3,2,,,resin_wood_combinations epoxy_tables,61638,Resin/Epoxy,Medium,,,61.3,46.0,82.0,61.0
43,Custom Wood Sign | Personalized Family Name Sign,FalkelDesign,130.0,375,48750.0,250,53357,12578,58,wall_decor,,Custom Business/Family Name Signs,,,,,,,,,
58,Handmade live edge bathroom vanity modern wood vanity cabinet,OwlCreationDesign,4088.0,11,44968.0,0,9,1,4,branch,bathroom_organizers,bathroom organizer wood,4457,,,,,,,,
92,Handmade live edge bathroom vanity modern wood vanity cabinet,OwlCreationDesign,4088.0,11,44968.0,0,9,1,4,,,bathroom organizer wood,4457,Wood,Medium,,,61.7,47.0,82.0,61.0
169,Handmade live edge bathroom vanity modern wood vanity cabinet,OwlCreationDesign,4088.0,11,44968.0,0,9,1,4,,,bathroom organizer wood,4457,Wood,Medium,,,61.7,47.0,82.0,61.0
246,Handmade live edge bathroom vanity modern wood vanity cabinet,OwlCreationDesign,4088.0,11,44968.0,0,9,1,4,,,bathroom organizer wood,4457,Wood,Medium,,,61.7,47.0,82.0,61.0
44,Custom business logo sign,LignousLaser,139.8,316,44177.0,8,2290,452,9,wall_decor,,Custom Business/Family Name Signs,,,,,,,,,
41,Wood World Map Large Wall Art,KokoBoloDesign,354.97,63,42626.0,700,606,136,15,wall_art,,Custom 3D Topographic/Lake Maps,,,,,,,,,
34,"Personalized Glass Charcuterie Board, Epoxy River Resin Cutting Board",LuminaraLuxe,79.99,398,40236.0,69,2489,417,12,Kitchen Products,cutting_boards,wood cutting board custom,22221,,,,,,,,
59,"Personalized Glass Charcuterie Board, Epoxy River Resin Cutting Board",LuminaraLuxe,79.99,398,40236.0,69,2489,417,12,kitchen_products,cutting_boards,wood cutting board custom,22221,,,,,,,,
98,"Personalized Glass Charcuterie Board, Epoxy River Resin Cutting Board",LuminaraLuxe,79.99,398,40236.0,69,2489,417,12,,,kitchen_products cutting_boards,22221,Wood,Medium,,,60.8,41.0,82.0,66.0
175,"Personalized Glass Charcuterie Board, Epoxy River Resin Cutting Board",LuminaraLuxe,79.99,398,40236.0,69,2489,417,12,,,kitchen_products cutting_boards,22221,Wood,Medium,,,60.8,41.0,82.0,66.0
252,"Personalized Glass Charcuterie Board, Epoxy River Resin Cutting Board",LuminaraLuxe,79.99,398,40236.0,69,2489,417,12,,,kitchen_products cutting_boards,22221,Wood,Medium,,,60.8,41.0,82.0,66.0
26,Personalized serving board for couple or family gift,SicilianElegance,57.5,617,35478.0,62,1745,377,11,CNC & Laser Cut Products,custom_engraved,custom engraved wood,101516,,,,,,,,
60,Personalized serving board for couple or family gift,SicilianElegance,57.5,617,35478.0,62,1745,377,11,cnc_laser_products,custom_engraved,custom engraved wood,101516,,,,,,,,
90,Personalized serving board for couple or family gift,SicilianElegance,57.5,617,35478.0,62,1745,377,11,,,cnc_laser_products custom_engraved,101516,CNC/Laser,Medium,,,62.599999999999994,41.0,82.0,72.0
167,Personalized serving board for couple or family gift,SicilianElegance,57.5,617,35478.0,62,1745,377,11,,,cnc_laser_products custom_engraved,101516,CNC/Laser,Medium,,,62.599999999999994,41.0,82.0,72.0
244,Personalized serving board for couple or family gift,SicilianElegance,57.5,617,35478.0,62,1745,377,11,,,cnc_laser_products custom_engraved,101516,CNC/Laser,Medium,,,62.599999999999994,41.0,82.0,72.0
37,Nursery Name Sign | Nursery Decor | Wooden Name Cutout,ModWoodCo,121.61,250,30403.0,13,18124,3935,100,Home Decor,wall_art,wood wall art custom,47962,,,,,,,,
61,Nursery Name Sign | Nursery Decor | Wooden Name Cutout,ModWoodCo,121.61,250,30403.0,13,18124,3935,100,home_decor,wall_art,wood wall art custom,47962,,,,,,,,
91,Nursery Name Sign | Nursery Decor | Wooden Name Cutout,ModWoodCo,121.61,250,30403.0,13,18124,3935,100,,,home_decor wall_art,47962,Wood,Medium,,,62.0,38.0,82.0,74.0
168,Nursery Name Sign | Nursery Decor | Wooden Name Cutout,ModWoodCo,121.61,250,30403.0,13,18124,3935,100,,,home_decor wall_art,47962,Wood,Medium,,,62.0,38.0,82.0,74.0
245,Nursery Name Sign | Nursery Decor | Wooden Name Cutout,ModWoodCo,121.61,250,30403.0,13,18124,3935,100,,,home_decor wall_art,47962,Wood,Medium,,,62.0,38.0,82.0,74.0
52,Personalized Live Edge Charcuterie Board,RootsToTable,60.31,215,29236.0,150,1446,260,11,kitchen_dining,,Live Edge Charcuterie Boards & Serving Trays,,,,,,,,,
18,ANIME Night Lamp Epoxy lamp handmade from wood and resin,Hirosart,137.25,199,27313.0,67,984,201,21,Resin + Wood Hybrid Products,resin_lamps,resin lamp night light,81307,,,,,,,,
62,ANIME Night Lamp Epoxy lamp handmade from wood and resin,Hirosart,137.25,199,27313.0,67,984,201,21,resin_wood_combinations,resin_lamps,resin lamp night light,81307,,,,,,,,
94,ANIME Night Lamp Epoxy lamp handmade from wood and resin,Hirosart,137.25,199,27313.0,67,984,201,21,,,resin_wood_combinations resin_lamps,81307,Resin/Epoxy,Medium,,,61.4,41.0,82.0,68.0
171,ANIME Night Lamp Epoxy lamp handmade from wood and resin,Hirosart,137.25,199,27313.0,67,984,201,21,,,resin_wood_combinations resin_lamps,81307,Resin/Epoxy,Medium,,,61.4,41.0,82.0,68.0
248,ANIME Night Lamp Epoxy lamp handmade from wood and resin,Hirosart,137.25,199,27313.0,67,984,201,21,,,resin_wood_combinations resin_lamps,81307,Resin/Epoxy,Medium,,,61.4,41.0,82.0,68.0
16,"Custom Ocean Epoxy Resin Table, Live Edge Wood Dining Table",PopCardsByHa,1488.0,18,26784.0,0,26,6,5,Resin + Wood Hybrid Products,epoxy_tables,epoxy resin table,61638,,,,,,,,
63,"Custom Ocean Epoxy Resin Table, Live Edge Wood Dining Table",PopCardsByHa,1488.0,18,26784.0,0,26,6,5,resin_wood_combinations,epoxy_tables,epoxy resin table,61638,,,,,,,,
109,"Custom Ocean Epoxy Resin Table, Live Edge Wood Dining Table",PopCardsByHa,1488.0,18,26784.0,0,26,6,5,,,resin_wood_combinations epoxy_tables,61638,Resin/Epoxy,Medium,,,58.099999999999994,38.0,82.0,61.0
186,"Custom Ocean Epoxy Resin Table, Live Edge Wood Dining Table",PopCardsByHa,1488.0,18,26784.0,0,26,6,5,,,resin_wood_combinations epoxy_tables,61638,Resin/Epoxy,Medium,,,58.099999999999994,38.0,82.0,61.0
263,"Custom Ocean Epoxy Resin Table, Live Edge Wood Dining Table",PopCardsByHa,1488.0,18,26784.0,0,26,6,5,,,resin_wood_combinations epoxy_tables,61638,Resin/Epoxy,Medium,,,58.099999999999994,38.0,82.0,61.0
17,Round Live Edge Resin Coffee Table Walnut Side Table,BreakWooden,158.66,148,23482.0,75,548,157,20,Resin + Wood Hybrid Products,epoxy_tables,epoxy resin table,61638,,,,,,,,
19,Hollow Knight Resin Lamp: Anime Night Light,BreakWooden,158.66,148,23482.0,75,548,157,20,Resin + Wood Hybrid Products,resin_lamps,resin lamp night light,81307,,,,,,,,
64,Round Live Edge Resin Coffee Table Walnut Side Table,BreakWooden,158.66,148,23482.0,75,548,157,20,resin_wood_combinations,epoxy_tables,epoxy resin table,61638,,,,,,,,
65,Hollow Knight Resin Lamp: Anime Night Light,BreakWooden,158.66,148,23482.0,75,548,157,20,resin_wood_combinations,resin_lamps,resin lamp night light,81307,,,,,,,,
93,Round Live Edge Resin Coffee Table Walnut Side Table,BreakWooden,158.66,148,23482.0,75,548,157,20,,,resin_wood_combinations epoxy_tables,61638,Resin/Epoxy,Medium,,,61.4,41.0,82.0,68.0
95,Hollow Knight Resin Lamp: Anime Night Light,BreakWooden,158.66,148,23482.0,75,548,157,20,,,resin_wood_combinations resin_lamps,81307,Resin/Epoxy,Medium,,,61.4,41.0,82.0,68.0
170,Round Live Edge Resin Coffee Table Walnut Side Table,BreakWooden,158.66,148,23482.0,75,548,157,20,,,resin_wood_combinations epoxy_tables,61638,Resin/Epoxy,Medium,,,61.4,41.0,82.0,68.0
172,Hollow Knight Resin Lamp: Anime Night Light,BreakWooden,158.66,148,23482.0,75,548,157,20,,,resin_wood_combinations resin_lamps,81307,Resin/Epoxy,Medium,,,61.4,41.0,82.0,68.0
247,Round Live Edge Resin Coffee Table Walnut Side Table,BreakWooden,158.66,148,23482.0,75,548,157,20,,,resin_wood_combinations epoxy_tables,61638,Resin/Epoxy,Medium,,,61.4,41.0,82.0,68.0
249,Hollow Knight Resin Lamp: Anime Night Light,BreakWooden,158.66,148,23482.0,75,548,157,20,,,resin_wood_combinations resin_lamps,81307,Resin/Epoxy,Medium,,,61.4,41.0,82.0,68.0
27,Custom Engraved Wooden Jewelry Box with Drawers,ColorfulLifers,134.58,168,22609.0,30,2580,341,25,CNC & Laser Cut Products,custom_engraved,custom engraved wood,101516,,,,,,,,
66,Custom Engraved Wooden Jewelry Box with Drawers,ColorfulLifers,134.58,168,22609.0,30,2580,341,25,cnc_laser_products,custom_engraved,custom engraved wood,101516,,,,,,,,
100,Custom Engraved Wooden Jewelry Box with Drawers,ColorfulLifers,134.58,168,22609.0,30,2580,341,25,,,cnc_laser_products custom_engraved,101516,CNC/Laser,Medium,,,60.199999999999996,38.0,82.0,68.0
177,Custom Engraved Wooden Jewelry Box with Drawers,ColorfulLifers,134.58,168,22609.0,30,2580,341,25,,,cnc_laser_products custom_engraved,101516,CNC/Laser,Medium,,,60.199999999999996,38.0,82.0,68.0
254,Custom Engraved Wooden Jewelry Box with Drawers,ColorfulLifers,134.58,168,22609.0,30,2580,341,25,,,cnc_laser_products custom_engraved,101516,CNC/Laser,Medium,,,60.199999999999996,38.0,82.0,68.0
35,"Personalized Serving Board for Couple, Marble Wood Cheese Board",EngraveMyMemories,59.95,117,22571.0,25,2406,499,17,Kitchen Products,cutting_boards,wood cutting board custom,22221,,,,,,,,
67,"Personalized Serving Board for Couple, Marble Wood Cheese Board",EngraveMyMemories,59.95,117,22571.0,25,2406,499,17,kitchen_products,cutting_boards,wood cutting board custom,22221,,,,,,,,
111,"Personalized Serving Board for Couple, Marble Wood Cheese Board",EngraveMyMemories,59.95,117,22571.0,25,2406,499,17,,,kitchen_products cutting_boards,22221,Wood,Medium,,,57.8,38.0,82.0,60.0
188,"Personalized Serving Board for Couple, Marble Wood Cheese Board",EngraveMyMemories,59.95,117,22571.0,25,2406,499,17,,,kitchen_products cutting_boards,22221,Wood,Medium,,,57.8,38.0,82.0,60.0
265,"Personalized Serving Board for Couple, Marble Wood Cheese Board",EngraveMyMemories,59.95,117,22571.0,25,2406,499,17,,,kitchen_products cutting_boards,22221,Wood,Medium,,,57.8,38.0,82.0,60.0
38,Custom Wooden Growth Chart for Kids - Personalized Height Measuring Stick,Back40life,159.97,101,19173.0,75,1519,222,21,Home Decor,wall_art,wood wall art custom,47962,,,,,,,,
68,Custom Wooden Growth Chart for Kids - Personalized Height Measuring Stick,Back40life,159.97,101,19173.0,75,1519,222,21,home_decor,wall_art,wood wall art custom,47962,,,,,,,,
107,Custom Wooden Growth Chart for Kids - Personalized Height Measuring Stick,Back40life,159.97,101,19173.0,75,1519,222,21,,,home_decor wall_art,47962,Wood,Medium,,,58.199999999999996,33.0,82.0,68.0
184,Custom Wooden Growth Chart for Kids - Personalized Height Measuring Stick,Back40life,159.97,101,19173.0,75,1519,222,21,,,home_decor wall_art,47962,Wood,Medium,,,58.199999999999996,33.0,82.0,68.0
261,Custom Wooden Growth Chart for Kids - Personalized Height Measuring Stick,Back40life,159.97,101,19173.0,75,1519,222,21,,,home_decor wall_art,47962,Wood,Medium,,,58.199999999999996,33.0,82.0,68.0
20,TOTK Resin Wood Night Light Christmas Gift for Game fans,MrChuahStore,96.32,192,18493.0,57,1820,379,18,Resin + Wood Hybrid Products,resin_lamps,resin lamp night light,81307,,,,,,,,
69,TOTK Resin Wood Night Light Christmas Gift for Game fans,MrChuahStore,96.32,192,18493.0,57,1820,379,18,resin_wood_combinations,resin_lamps,resin lamp night light,81307,,,,,,,,
126,TOTK Resin Wood Night Light Christmas Gift for Game fans,MrChuahStore,96.32,192,18493.0,57,1820,379,18,,,resin_wood_combinations resin_lamps,81307,Resin/Epoxy,Medium,,,55.8,33.0,82.0,60.0
203,TOTK Resin Wood Night Light Christmas Gift for Game fans,MrChuahStore,96.32,192,18493.0,57,1820,379,18,,,resin_wood_combinations resin_lamps,81307,Resin/Epoxy,Medium,,,55.8,33.0,82.0,60.0
280,TOTK Resin Wood Night Light Christmas Gift for Game fans,MrChuahStore,96.32,192,18493.0,57,1820,379,18,,,resin_wood_combinations resin_lamps,81307,Resin/Epoxy,Medium,,,55.8,33.0,82.0,60.0
39,"Custom Photo on Wood, Engraved Photo on Wood with Watercolor Style",austero,56.95,321,18281.0,78,30416,8323,53,Home Decor,wall_art,wood wall art custom,47962,,,,,,,,
70,"Custom Photo on Wood, Engraved Photo on Wood with Watercolor Style",austero,56.95,321,18281.0,78,30416,8323,53,home_decor,wall_art,wood wall art custom,47962,,,,,,,,
113,"Custom Photo on Wood, Engraved Photo on Wood with Watercolor Style",austero,56.95,321,18281.0,78,30416,8323,53,,,home_decor wall_art,47962,Wood,Medium,,,57.599999999999994,33.0,82.0,66.0
190,"Custom Photo on Wood, Engraved Photo on Wood with Watercolor Style",austero,56.95,321,18281.0,78,30416,8323,53,,,home_decor wall_art,47962,Wood,Medium,,,57.599999999999994,33.0,82.0,66.0
267,"Custom Photo on Wood, Engraved Photo on Wood with Watercolor Style",austero,56.95,321,18281.0,78,30416,8323,53,,,home_decor wall_art,47962,Wood,Medium,,,57.599999999999994,33.0,82.0,66.0
46,Personalized 8 Slot Wooden Watch Box,SHANIKStore,349.99,43,16920.0,200,81,10,2,storage_organization,,Premium Wood Watch/Jewelry Boxes,,,,,,,,,
71,Personalized 8 Slot Wooden Watch Box Acrylic Lid Detachable Stands,SHANIKStore,349.99,43,16920.0,200,81,10,2,branch,watch_boxes,watch box wood display,1450,,,,,,,,
89,Personalized 8 Slot Wooden Watch Box Acrylic Lid Detachable Stands,SHANIKStore,349.99,43,16920.0,200,81,10,2,,,watch box wood display,1450,Wood,Medium,,,67.8,60.0,82.0,64.0
166,Personalized 8 Slot Wooden Watch Box Acrylic Lid Detachable Stands,SHANIKStore,349.99,43,16920.0,200,81,10,2,,,watch box wood display,1450,Wood,Medium,,,67.8,60.0,82.0,64.0
243,Personalized 8 Slot Wooden Watch Box Acrylic Lid Detachable Stands,SHANIKStore,349.99,43,16920.0,200,81,10,2,,,watch box wood display,1450,Wood,Medium,,,67.8,60.0,82.0,64.0
36,Personalized Marble Wood Cutting Board with Coaster,UrbanEngravings,57.42,263,15101.0,44,2269,414,14,Kitchen Products,cutting_boards,wood cutting board custom,22221,,,,,,,,
72,Personalized Marble Wood Cutting Board with Coaster,UrbanEngravings,57.42,263,15101.0,44,2269,414,14,kitchen_products,cutting_boards,wood cutting board custom,22221,,,,,,,,
125,Personalized Marble Wood Cutting Board with Coaster,UrbanEngravings,57.42,263,15101.0,44,2269,414,14,,,kitchen_products cutting_boards,22221,Wood,Medium,,,56.39999999999999,30.0,82.0,66.0
202,Personalized Marble Wood Cutting Board with Coaster,UrbanEngravings,57.42,263,15101.0,44,2269,414,14,,,kitchen_products cutting_boards,22221,Wood,Medium,,,56.39999999999999,30.0,82.0,66.0
279,Personalized Marble Wood Cutting Board with Coaster,UrbanEngravings,57.42,263,15101.0,44,2269,414,14,,,kitchen_products cutting_boards,22221,Wood,Medium,,,56.39999999999999,30.0,82.0,66.0
28,Personalized Gaming Controller and Headphone Stand,LampByGift,61.99,227,14072.0,500,1861,277,13,Gaming Accessories,controller_stands,gaming controller stand,6540,,,,,,,,
73,Personalized Gaming Controller and Headphone Stand,LampByGift,61.99,227,14072.0,500,1861,277,13,gaming_accessories,controller_stands,gaming controller stand,6540,,,,,,,,
87,Personalized Gaming Controller and Headphone Stand,LampByGift,61.99,227,14072.0,500,1861,277,13,,,gaming_accessories controller_stands,6540,Wood,Medium,,,68.39999999999999,60.0,82.0,66.0
164,Personalized Gaming Controller and Headphone Stand,LampByGift,61.99,227,14072.0,500,1861,277,13,,,gaming_accessories controller_stands,6540,Wood,Medium,,,68.39999999999999,60.0,82.0,66.0
241,Personalized Gaming Controller and Headphone Stand,LampByGift,61.99,227,14072.0,500,1861,277,13,,,gaming_accessories controller_stands,6540,Wood,Medium,,,68.39999999999999,60.0,82.0,66.0
50,Monogrammed Charcuterie Board Set,SHANIKStore,179.9,65,13774.0,800,342,59,39,kitchen_dining,,Live Edge Charcuterie Boards & Serving Trays,,,,,,,,,
45,Custom Wood American Flag,SDPrecisionWorks,200.0,60,13700.0,400,463,92,14,wall_decor,,Custom Business/Family Name Signs,,,,,,,,,
74,"Handmade Walnut Wood Framed Mirror, Asymmetric Organic Mirror",ProMirror,209.0,18,11091.0,0,305,65,16,branch,bathroom_organizers,bathroom organizer wood,4457,,,,,,,,
106,"Handmade Walnut Wood Framed Mirror, Asymmetric Organic Mirror",ProMirror,209.0,18,11091.0,0,305,65,16,,,bathroom organizer wood,4457,Wood,Medium,,,58.5,39.0,82.0,61.0
183,"Handmade Walnut Wood Framed Mirror, Asymmetric Organic Mirror",ProMirror,209.0,18,11091.0,0,305,65,16,,,bathroom organizer wood,4457,Wood,Medium,,,58.5,39.0,82.0,61.0
260,"Handmade Walnut Wood Framed Mirror, Asymmetric Organic Mirror",ProMirror,209.0,18,11091.0,0,305,65,16,,,bathroom organizer wood,4457,Wood,Medium,,,58.5,39.0,82.0,61.0
4,Workbench Toolbox Pen Holder – Tool Box Organizer for Desk,GunView,29.99,316,9477.0,350,1784,307,9,3D Printed Products,desk_accessories,3D printed desk accessory,9806,,,,,,,,
75,Workbench Toolbox Pen Holder – Tool Box Organizer for Desk,GunView,29.99,316,9477.0,350,1784,307,9,3d_printing,desk_accessories,3D printed desk accessory,9806,,,,,,,,
118,Workbench Toolbox Pen Holder – Tool Box Organizer for Desk,GunView,29.99,316,9477.0,350,1784,307,9,,,3d_printing desk_accessories,9806,3D Printed,Medium,,,56.800000000000004,46.0,70.0,58.0
195,Workbench Toolbox Pen Holder – Tool Box Organizer for Desk,GunView,29.99,316,9477.0,350,1784,307,9,,,3d_printing desk_accessories,9806,3D Printed,Medium,,,56.800000000000004,46.0,70.0,58.0
272,Workbench Toolbox Pen Holder – Tool Box Organizer for Desk,GunView,29.99,316,9477.0,350,1784,307,9,,,3d_printing desk_accessories,9806,3D Printed,Medium,,,56.800000000000004,46.0,70.0,58.0
76,Wide Wood Watch Box (D5) - Custom Walnut 5 Slot Display Case,holmeandhadfield,230.0,40,9200.0,0,47,12,18,branch,watch_boxes,watch box wood display,1450,,,,,,,,
105,Wide Wood Watch Box (D5) - Custom Walnut 5 Slot Display Case,holmeandhadfield,230.0,40,9200.0,0,47,12,18,,,watch box wood display,1450,Wood,Medium,,,58.599999999999994,37.0,82.0,64.0
182,Wide Wood Watch Box (D5) - Custom Walnut 5 Slot Display Case,holmeandhadfield,230.0,40,9200.0,0,47,12,18,,,watch box wood display,1450,Wood,Medium,,,58.599999999999994,37.0,82.0,64.0
259,Wide Wood Watch Box (D5) - Custom Walnut 5 Slot Display Case,holmeandhadfield,230.0,40,9200.0,0,47,12,18,,,watch box wood display,1450,Wood,Medium,,,58.599999999999994,37.0,82.0,64.0
47,Everyday Carry Watch Box Organizer,SHANIKStore,239.0,35,8505.0,100,843,160,28,storage_organization,,Premium Wood Watch/Jewelry Boxes,,,,,,,,,
5,Millennium Falcon Wireless Mouse: Star Wars Desk Mac/PC,ExtrudeCoLab,62.77,128,8167.0,0,237,44,10,3D Printed Products,desk_accessories,3D printed desk accessory,9806,,,,,,,,
77,Millennium Falcon Wireless Mouse: Star Wars Desk Mac/PC,ExtrudeCoLab,62.77,128,8167.0,0,237,44,10,3d_printing,desk_accessories,3D printed desk accessory,9806,,,,,,,,
149,Millennium Falcon Wireless Mouse: Star Wars Desk Mac/PC,ExtrudeCoLab,62.77,128,8167.0,0,237,44,10,,,3d_printing desk_accessories,9806,3D Printed,Medium,,,49.0,25.0,70.0,60.0
226,Millennium Falcon Wireless Mouse: Star Wars Desk Mac/PC,ExtrudeCoLab,62.77,128,8167.0,0,237,44,10,,,3d_printing desk_accessories,9806,3D Printed,Medium,,,49.0,25.0,70.0,60.0
303,Millennium Falcon Wireless Mouse: Star Wars Desk Mac/PC,ExtrudeCoLab,62.77,128,8167.0,0,237,44,10,,,3d_printing desk_accessories,9806,3D Printed,Medium,,,49.0,25.0,70.0,60.0
29,Personalized PS5 and Xbox Controller and Headphone Stand,3dhobbyhub,94.03,70,7797.0,300,215,48,6,Gaming Accessories,controller_stands,gaming controller stand,6540,,,,,,,,
78,Personalized PS5 and Xbox Controller and Headphone Stand,3dhobbyhub,94.03,70,7797.0,300,215,48,6,gaming_accessories,controller_stands,gaming controller stand,6540,,,,,,,,
101,Personalized PS5 and Xbox Controller and Headphone Stand,3dhobbyhub,94.03,70,7797.0,300,215,48,6,,,gaming_accessories controller_stands,6540,Wood,Medium,,,59.2,46.0,82.0,54.0
178,Personalized PS5 and Xbox Controller and Headphone Stand,3dhobbyhub,94.03,70,7797.0,300,215,48,6,,,gaming_accessories controller_stands,6540,Wood,Medium,,,59.2,46.0,82.0,54.0
255,Personalized PS5 and Xbox Controller and Headphone Stand,3dhobbyhub,94.03,70,7797.0,300,215,48,6,,,gaming_accessories controller_stands,6540,Wood,Medium,,,59.2,46.0,82.0,54.0
79,"Solid wood oak coat hooks, Wall coat rack with shelf entryway",WoodDecorPW,135.0,57,7695.0,0,1561,287,50,branch,bathroom_organizers,bathroom organizer wood,4457,,,,,,,,
127,"Solid wood oak coat hooks, Wall coat rack with shelf entryway",WoodDecorPW,135.0,57,7695.0,0,1561,287,50,,,bathroom organizer wood,4457,Wood,Medium,,,55.599999999999994,31.0,82.0,62.0
204,"Solid wood oak coat hooks, Wall coat rack with shelf entryway",WoodDecorPW,135.0,57,7695.0,0,1561,287,50,,,bathroom organizer wood,4457,Wood,Medium,,,55.599999999999994,31.0,82.0,62.0
281,"Solid wood oak coat hooks, Wall coat rack with shelf entryway",WoodDecorPW,135.0,57,7695.0,0,1561,287,50,,,bathroom organizer wood,4457,Wood,Medium,,,55.599999999999994,31.0,82.0,62.0
30,Controller & Headphone Stand: Christmas Gifts For Him,SerdarWood,99.9,77,7692.0,150,186,42,26,Gaming Accessories,controller_stands,gaming controller stand,6540,,,,,,,,
80,Controller & Headphone Stand: Christmas Gifts For Him,SerdarWood,99.9,77,7692.0,150,186,42,26,gaming_accessories,controller_stands,gaming controller stand,6540,,,,,,,,
130,Controller & Headphone Stand: Christmas Gifts For Him,SerdarWood,99.9,77,7692.0,150,186,42,26,,,gaming_accessories controller_stands,6540,Wood,Medium,,,54.400000000000006,34.0,82.0,54.0
207,Controller & Headphone Stand: Christmas Gifts For Him,SerdarWood,99.9,77,7692.0,150,186,42,26,,,gaming_accessories controller_stands,6540,Wood,Medium,,,54.400000000000006,34.0,82.0,54.0
284,Controller & Headphone Stand: Christmas Gifts For Him,SerdarWood,99.9,77,7692.0,150,186,42,26,,,gaming_accessories controller_stands,6540,Wood,Medium,,,54.400000000000006,34.0,82.0,54.0
54,Dual wooden watch stand valet tray,SHANIKStore,79.99,99,7639.0,500,231,15,2,office_organization,,Wood Desk Organizers & Docking Stations,,,,,,,,,
51,Large Wild Olive Wood Board,Autmure,181.82,42,7636.0,300,471,154,26,kitchen_dining,,Live Edge Charcuterie Boards & Serving Trays,,,,,,,,,
81,Solid Wood Watch Box for Men with 10 Compartments and Cushions,SHANIKStore,159.0,35,6345.0,50,416,81,31,branch,watch_boxes,watch box wood display,1450,,,,,,,,
116,Solid Wood Watch Box for Men with 10 Compartments and Cushions,SHANIKStore,159.0,35,6345.0,50,416,81,31,,,watch box wood display,1450,Wood,Medium,,,57.39999999999999,40.0,82.0,56.0
193,Solid Wood Watch Box for Men with 10 Compartments and Cushions,SHANIKStore,159.0,35,6345.0,50,416,81,31,,,watch box wood display,1450,Wood,Medium,,,57.39999999999999,40.0,82.0,56.0
270,Solid Wood Watch Box for Men with 10 Compartments and Cushions,SHANIKStore,159.0,35,6345.0,50,416,81,31,,,watch box wood display,1450,Wood,Medium,,,57.39999999999999,40.0,82.0,56.0
82,Heavy Duty Desk with Keyboard Tray For Studio Musician Gaming Piano,ZombieWoodworks,499.0,12,5988.0,200,150,35,23,branch,gaming_keyboard_stands,gaming keyboard stand wood,49,,,,,,,,
86,Heavy Duty Desk with Keyboard Tray For Studio Musician Gaming Piano,ZombieWoodworks,499.0,12,5988.0,200,150,35,23,,,gaming keyboard stand wood,49,Wood,Medium,,,68.5,64.0,82.0,61.0
163,Heavy Duty Desk with Keyboard Tray For Studio Musician Gaming Piano,ZombieWoodworks,499.0,12,5988.0,200,150,35,23,,,gaming keyboard stand wood,49,Wood,Medium,,,68.5,64.0,82.0,61.0
240,Heavy Duty Desk with Keyboard Tray For Studio Musician Gaming Piano,ZombieWoodworks,499.0,12,5988.0,200,150,35,23,,,gaming keyboard stand wood,49,Wood,Medium,,,68.5,64.0,82.0,61.0
83,Minimalist Pet Urn | Memorial Box | Walnut Wood,TwistedBranchDesigns,119.0,42,4998.0,100,340,65,10,branch,pet_memorial_urns,pet memorial urn wood,2606,,,,,,,,
131,Minimalist Pet Urn | Memorial Box | Walnut Wood,TwistedBranchDesigns,119.0,42,4998.0,100,340,65,10,,,pet memorial urn wood,2606,Wood,Medium,,,54.2,32.0,82.0,56.0
208,Minimalist Pet Urn | Memorial Box | Walnut Wood,TwistedBranchDesigns,119.0,42,4998.0,100,340,65,10,,,pet memorial urn wood,2606,Wood,Medium,,,54.2,32.0,82.0,56.0
285,Minimalist Pet Urn | Memorial Box | Walnut Wood,TwistedBranchDesigns,119.0,42,4998.0,100,340,65,10,,,pet memorial urn wood,2606,Wood,Medium,,,54.2,32.0,82.0,56.0
48,Wide Wood Watch Box,holmeandhadfield,475.0,10,4750.0,100,337,84,25,storage_organization,,Premium Wood Watch/Jewelry Boxes,,,,,,,,,
6,RANDOM Packs of Detailed Pocket Pets | 0.8-1.5in | 3D Printed Mini Fidget Animals,CarterPrintingCo,8.75,518,4533.0,50,8211,1671,18,3D Printed Products,desk_accessories,3D printed desk accessory,9806,,,,,,,,
84,RANDOM Packs of Detailed Pocket Pets | 0.8-1.5in | 3D Printed Mini Fidget Animals,CarterPrintingCo,8.75,518,4533.0,50,8211,1671,18,3d_printing,desk_accessories,3D printed desk accessory,9806,,,,,,,,
153,RANDOM Packs of Detailed Pocket Pets | 0.8-1.5in | 3D Printed Mini Fidget Animals,CarterPrintingCo,8.75,518,4533.0,50,8211,1671,18,,,3d_printing desk_accessories,9806,3D Printed,Medium,,,48.2,20.0,70.0,64.0
230,RANDOM Packs of Detailed Pocket Pets | 0.8-1.5in | 3D Printed Mini Fidget Animals,CarterPrintingCo,8.75,518,4533.0,50,8211,1671,18,,,3d_printing desk_accessories,9806,3D Printed,Medium,,,48.2,20.0,70.0,64.0
307,RANDOM Packs of Detailed Pocket Pets | 0.8-1.5in | 3D Printed Mini Fidget Animals,CarterPrintingCo,8.75,518,4533.0,50,8211,1671,18,,,3d_printing desk_accessories,9806,3D Printed,Medium,,,48.2,20.0,70.0,64.0
85,SET OF TWO Floating Wood Shelves – Premium Rustic Shelving,CraftsmanSmith,48.0,93,4464.0,83,1423,440,25,branch,floating_shelves,floating shelf wood wall,2606,,,,,,,,
152,SET OF TWO Floating Wood Shelves – Premium Rustic Shelving,CraftsmanSmith,48.0,93,4464.0,83,1423,440,25,,,floating shelf wood wall,2606,Wood,Medium,,,48.8,26.0,82.0,46.0
229,SET OF TWO Floating Wood Shelves – Premium Rustic Shelving,CraftsmanSmith,48.0,93,4464.0,83,1423,440,25,,,floating shelf wood wall,2606,Wood,Medium,,,48.8,26.0,82.0,46.0
306,SET OF TWO Floating Wood Shelves – Premium Rustic Shelving,CraftsmanSmith,48.0,93,4464.0,83,1423,440,25,,,floating shelf wood wall,2606,Wood,Medium,,,48.8,26.0,82.0,46.0
49,Wooden Watch Display Case,Objecttt,1399.0,3,4197.0,0,13,4,62,storage_organization,,Premium Wood Watch/Jewelry Boxes,,,,,,,,,
129,Custom Solid Wood Desk Shelf Monitor Stand with drawer storage,HomeDesignWell,642.38,6,3854.0,0,4,1,18,,,desk shelf monitor stand,1124,Wood,Medium,,,54.5,29.0,82.0,61.0
206,Custom Solid Wood Desk Shelf Monitor Stand with drawer storage,HomeDesignWell,642.38,6,3854.0,0,4,1,18,,,desk shelf monitor stand,1124,Wood,Medium,,,54.5,29.0,82.0,61.0
283,Custom Solid Wood Desk Shelf Monitor Stand with drawer storage,HomeDesignWell,642.38,6,3854.0,0,4,1,18,,,desk shelf monitor stand,1124,Wood,Medium,,,54.5,29.0,82.0,61.0
7,Christmas Gift Custom Wood Cable Management Box,Sawitreartstudio,63.0,60,3780.0,400,221,33,7,3D Printed Products,organizers,3D printed organizer,1387,,,,,,,,
31,Christmas Gift Custom Wood Cable Management Box,Sawitreartstudio,63.0,60,3780.0,400,221,33,7,Tech Accessories,cable_organizers,cable organizer desk,1387,,,,,,,,
97,Christmas Gift Custom Wood Cable Management Box,Sawitreartstudio,63.0,60,3780.0,400,221,33,7,,,tech_accessories cable_organizers,1387,Wood,Medium,,,60.8,50.0,82.0,54.0
117,Christmas Gift Custom Wood Cable Management Box,Sawitreartstudio,63.0,60,3780.0,400,221,33,7,,,3d_printing organizers,1387,3D Printed,Medium,,,57.2,50.0,70.0,54.0
174,Christmas Gift Custom Wood Cable Management Box,Sawitreartstudio,63.0,60,3780.0,400,221,33,7,,,tech_accessories cable_organizers,1387,Wood,Medium,,,60.8,50.0,82.0,54.0
194,Christmas Gift Custom Wood Cable Management Box,Sawitreartstudio,63.0,60,3780.0,400,221,33,7,,,3d_printing organizers,1387,3D Printed,Medium,,,57.2,50.0,70.0,54.0
251,Christmas Gift Custom Wood Cable Management Box,Sawitreartstudio,63.0,60,3780.0,400,221,33,7,,,tech_accessories cable_organizers,1387,Wood,Medium,,,60.8,50.0,82.0,54.0
271,Christmas Gift Custom Wood Cable Management Box,Sawitreartstudio,63.0,60,3780.0,400,221,33,7,,,3d_printing organizers,1387,3D Printed,Medium,,,57.2,50.0,70.0,54.0
55,Wooden Valet Tray with Drawer,SHANIKStore,299.0,11,3729.0,100,372,78,28,office_organization,,Wood Desk Organizers & Docking Stations,,,,,,,,,
99,Personalized Walnut Wood Valet Tray: Anniversary Gift for Him,BattleBornWoodShopLV,30.0,76,3320.0,300,1393,270,55,,,valet tray wood personalized,656,Wood,Medium,,,60.8,56.0,82.0,46.0
176,Personalized Walnut Wood Valet Tray: Anniversary Gift for Him,BattleBornWoodShopLV,30.0,76,3320.0,300,1393,270,55,,,valet tray wood personalized,656,Wood,Medium,,,60.8,56.0,82.0,46.0
253,Personalized Walnut Wood Valet Tray: Anniversary Gift for Him,BattleBornWoodShopLV,30.0,76,3320.0,300,1393,270,55,,,valet tray wood personalized,656,Wood,Medium,,,60.8,56.0,82.0,46.0
121,Olive Wood Utensil Set with Holder: 5 Handmade Essential Utensils,ArtisRaw,108.55,28,3274.0,100,700,177,72,,,utensil holder wood kitchen,1332,Wood,Medium,,,56.599999999999994,38.0,82.0,56.0
198,Olive Wood Utensil Set with Holder: 5 Handmade Essential Utensils,ArtisRaw,108.55,28,3274.0,100,700,177,72,,,utensil holder wood kitchen,1332,Wood,Medium,,,56.599999999999994,38.0,82.0,56.0
275,Olive Wood Utensil Set with Holder: 5 Handmade Essential Utensils,ArtisRaw,108.55,28,3274.0,100,700,177,72,,,utensil holder wood kitchen,1332,Wood,Medium,,,56.599999999999994,38.0,82.0,56.0
142,Walnut Monitor Stand: Solid Wood Desk Shelf with Steel Legs,KeelanScott,199.99,16,3200.0,0,844,234,27,,,desk shelf monitor stand,1124,Wood,Medium,,,52.1,29.0,82.0,53.0
219,Walnut Monitor Stand: Solid Wood Desk Shelf with Steel Legs,KeelanScott,199.99,16,3200.0,0,844,234,27,,,desk shelf monitor stand,1124,Wood,Medium,,,52.1,29.0,82.0,53.0
296,Walnut Monitor Stand: Solid Wood Desk Shelf with Steel Legs,KeelanScott,199.99,16,3200.0,0,844,234,27,,,desk shelf monitor stand,1124,Wood,Medium,,,52.1,29.0,82.0,53.0
144,"Custom Pet Urns - 3 Sizes Available, Wooden Personalized Pet Urns",ArtificiaDecor,45.99,65,2989.0,100,227,61,5,,,pet memorial urn wood,2606,Wood,Medium,,,51.199999999999996,32.0,82.0,46.0
221,"Custom Pet Urns - 3 Sizes Available, Wooden Personalized Pet Urns",ArtificiaDecor,45.99,65,2989.0,100,227,61,5,,,pet memorial urn wood,2606,Wood,Medium,,,51.199999999999996,32.0,82.0,46.0
298,"Custom Pet Urns - 3 Sizes Available, Wooden Personalized Pet Urns",ArtificiaDecor,45.99,65,2989.0,100,227,61,5,,,pet memorial urn wood,2606,Wood,Medium,,,51.199999999999996,32.0,82.0,46.0
146,"Simple Personalized Pet Urn, Memorial Box",TreeTopUrns,19.95,138,2753.0,33,4479,1143,38,,,pet memorial urn wood,2606,Wood,Medium,,,49.4,23.0,82.0,52.0
223,"Simple Personalized Pet Urn, Memorial Box",TreeTopUrns,19.95,138,2753.0,33,4479,1143,38,,,pet memorial urn wood,2606,Wood,Medium,,,49.4,23.0,82.0,52.0
300,"Simple Personalized Pet Urn, Memorial Box",TreeTopUrns,19.95,138,2753.0,33,4479,1143,38,,,pet memorial urn wood,2606,Wood,Medium,,,49.4,23.0,82.0,52.0
108,Engraved Wood Watch Box Personalized Men's Valet Tray Acacia 5 Watch Organizer,SHANIKStore,149.99,18,2720.0,100,113,16,38,,,valet tray wood personalized,656,Wood,Medium,,,58.1,44.0,82.0,53.0
185,Engraved Wood Watch Box Personalized Men's Valet Tray Acacia 5 Watch Organizer,SHANIKStore,149.99,18,2720.0,100,113,16,38,,,valet tray wood personalized,656,Wood,Medium,,,58.1,44.0,82.0,53.0
262,Engraved Wood Watch Box Personalized Men's Valet Tray Acacia 5 Watch Organizer,SHANIKStore,149.99,18,2720.0,100,113,16,38,,,valet tray wood personalized,656,Wood,Medium,,,58.1,44.0,82.0,53.0
8,Wood Cable Management Box | Cable Organizer Box,VerdentEssence,120.0,22,2640.0,100,23,9,3,3D Printed Products,organizers,3D printed organizer,1387,,,,,,,,
32,Wood Cable Management Box | Cable Organizer Box,VerdentEssence,120.0,22,2640.0,100,23,9,3,Tech Accessories,cable_organizers,cable organizer desk,1387,,,,,,,,
120,Wood Cable Management Box | Cable Organizer Box,VerdentEssence,120.0,22,2640.0,100,23,9,3,,,tech_accessories cable_organizers,1387,Wood,Medium,,,56.599999999999994,38.0,82.0,56.0
136,Wood Cable Management Box | Cable Organizer Box,VerdentEssence,120.0,22,2640.0,100,23,9,3,,,3d_printing organizers,1387,3D Printed,Medium,,,53.0,38.0,70.0,56.0
197,Wood Cable Management Box | Cable Organizer Box,VerdentEssence,120.0,22,2640.0,100,23,9,3,,,tech_accessories cable_organizers,1387,Wood,Medium,,,56.599999999999994,38.0,82.0,56.0
213,Wood Cable Management Box | Cable Organizer Box,VerdentEssence,120.0,22,2640.0,100,23,9,3,,,3d_printing organizers,1387,3D Printed,Medium,,,53.0,38.0,70.0,56.0
274,Wood Cable Management Box | Cable Organizer Box,VerdentEssence,120.0,22,2640.0,100,23,9,3,,,tech_accessories cable_organizers,1387,Wood,Medium,,,56.599999999999994,38.0,82.0,56.0
290,Wood Cable Management Box | Cable Organizer Box,VerdentEssence,120.0,22,2640.0,100,23,9,3,,,3d_printing organizers,1387,3D Printed,Medium,,,53.0,38.0,70.0,56.0
110,Handmade Teak Wooden Dish Drying Rack: Over Sink Organizer,woodceylondotcom,438.08,6,2628.0,100,6,3,4,,,utensil holder wood kitchen,1332,Wood,Medium,,,58.099999999999994,38.0,82.0,61.0
187,Handmade Teak Wooden Dish Drying Rack: Over Sink Organizer,woodceylondotcom,438.08,6,2628.0,100,6,3,4,,,utensil holder wood kitchen,1332,Wood,Medium,,,58.099999999999994,38.0,82.0,61.0
264,Handmade Teak Wooden Dish Drying Rack: Over Sink Organizer,woodceylondotcom,438.08,6,2628.0,100,6,3,4,,,utensil holder wood kitchen,1332,Wood,Medium,,,58.099999999999994,38.0,82.0,61.0
21,CUSTOM CNC carved Natural Pine unpainted Letter routed wood sign,ShabtownSigns,39.0,62,2418.0,75,3676,830,54,CNC & Laser Cut Products,cnc_wood_signs,CNC wood sign custom,2576,,,,,,,,
23,Custom CNC Carved Wood Sign: Unpainted Letter,ShabtownSigns,39.0,62,2418.0,75,3676,830,54,CNC & Laser Cut Products,laser_cut_art,laser cut wood art,910,,,,,,,,
135,Custom CNC Carved Wood Sign: Unpainted Letter,ShabtownSigns,39.0,62,2418.0,75,3676,830,54,,,cnc_laser_products laser_cut_art,910,CNC/Laser,Medium,,,53.599999999999994,38.0,82.0,46.0
151,CUSTOM CNC carved Natural Pine unpainted Letter routed wood sign,ShabtownSigns,39.0,62,2418.0,75,3676,830,54,,,cnc_laser_products cnc_wood_signs,2576,CNC/Laser,Medium,,,48.8,26.0,82.0,46.0
212,Custom CNC Carved Wood Sign: Unpainted Letter,ShabtownSigns,39.0,62,2418.0,75,3676,830,54,,,cnc_laser_products laser_cut_art,910,CNC/Laser,Medium,,,53.599999999999994,38.0,82.0,46.0
228,CUSTOM CNC carved Natural Pine unpainted Letter routed wood sign,ShabtownSigns,39.0,62,2418.0,75,3676,830,54,,,cnc_laser_products cnc_wood_signs,2576,CNC/Laser,Medium,,,48.8,26.0,82.0,46.0
289,Custom CNC Carved Wood Sign: Unpainted Letter,ShabtownSigns,39.0,62,2418.0,75,3676,830,54,,,cnc_laser_products laser_cut_art,910,CNC/Laser,Medium,,,53.599999999999994,38.0,82.0,46.0
305,CUSTOM CNC carved Natural Pine unpainted Letter routed wood sign,ShabtownSigns,39.0,62,2418.0,75,3676,830,54,,,cnc_laser_products cnc_wood_signs,2576,CNC/Laser,Medium,,,48.8,26.0,82.0,46.0
12,Pick Any Letter | Hanging Beach Resin Art,NikkisStuffNThings,100.0,22,2200.0,50,747,240,36,Resin + Wood Hybrid Products,resin_art_coasters,resin art coaster,10055,,,,,,,,
159,Pick Any Letter | Hanging Beach Resin Art,NikkisStuffNThings,100.0,22,2200.0,50,747,240,36,,,resin_wood_combinations resin_art_coasters,10055,Resin/Epoxy,Medium,,,45.8,17.0,82.0,48.0
236,Pick Any Letter | Hanging Beach Resin Art,NikkisStuffNThings,100.0,22,2200.0,50,747,240,36,,,resin_wood_combinations resin_art_coasters,10055,Resin/Epoxy,Medium,,,45.8,17.0,82.0,48.0
313,Pick Any Letter | Hanging Beach Resin Art,NikkisStuffNThings,100.0,22,2200.0,50,747,240,36,,,resin_wood_combinations resin_art_coasters,10055,Resin/Epoxy,Medium,,,45.8,17.0,82.0,48.0
119,Custom Maple Spice Drawer Organizer| Modular Kitchen Spice Rack Insert Trays,imageworksva,28.56,70,1999.0,100,3132,666,77,,,spice drawer organizer wood,178,Wood,Medium,,,56.8,46.0,82.0,46.0
196,Custom Maple Spice Drawer Organizer| Modular Kitchen Spice Rack Insert Trays,imageworksva,28.56,70,1999.0,100,3132,666,77,,,spice drawer organizer wood,178,Wood,Medium,,,56.8,46.0,82.0,46.0
273,Custom Maple Spice Drawer Organizer| Modular Kitchen Spice Rack Insert Trays,imageworksva,28.56,70,1999.0,100,3132,666,77,,,spice drawer organizer wood,178,Wood,Medium,,,56.8,46.0,82.0,46.0
123,Handmade Reclaimed Wood Standing Desk: Industrial Hairpin Legs,PastosCo,398.25,5,1991.0,100,9,2,30,,,desk shelf monitor stand,1124,Wood,Medium,,,56.5,34.0,82.0,61.0
200,Handmade Reclaimed Wood Standing Desk: Industrial Hairpin Legs,PastosCo,398.25,5,1991.0,100,9,2,30,,,desk shelf monitor stand,1124,Wood,Medium,,,56.5,34.0,82.0,61.0
277,Handmade Reclaimed Wood Standing Desk: Industrial Hairpin Legs,PastosCo,398.25,5,1991.0,100,9,2,30,,,desk shelf monitor stand,1124,Wood,Medium,,,56.5,34.0,82.0,61.0
22,Custom CNC Carved Wood Sign: Personalized Text,FarmhouseTimbers,77.9,14,1913.0,0,335,66,32,CNC & Laser Cut Products,cnc_wood_signs,CNC wood sign custom,2576,,,,,,,,
160,Custom CNC Carved Wood Sign: Personalized Text,FarmhouseTimbers,77.9,14,1913.0,0,335,66,32,,,cnc_laser_products cnc_wood_signs,2576,CNC/Laser,Medium,,,45.699999999999996,19.0,82.0,45.0
237,Custom CNC Carved Wood Sign: Personalized Text,FarmhouseTimbers,77.9,14,1913.0,0,335,66,32,,,cnc_laser_products cnc_wood_signs,2576,CNC/Laser,Medium,,,45.699999999999996,19.0,82.0,45.0
314,Custom CNC Carved Wood Sign: Personalized Text,FarmhouseTimbers,77.9,14,1913.0,0,335,66,32,,,cnc_laser_products cnc_wood_signs,2576,CNC/Laser,Medium,,,45.699999999999996,19.0,82.0,45.0
134,Custom Engraved Leather and Wood Desk Tray Organizer,KaiyaGifts,18.67,102,1904.0,50,266,43,9,,,valet tray wood personalized,656,Wood,Medium,,,53.800000000000004,34.0,82.0,52.0
211,Custom Engraved Leather and Wood Desk Tray Organizer,KaiyaGifts,18.67,102,1904.0,50,266,43,9,,,valet tray wood personalized,656,Wood,Medium,,,53.800000000000004,34.0,82.0,52.0
288,Custom Engraved Leather and Wood Desk Tray Organizer,KaiyaGifts,18.67,102,1904.0,50,266,43,9,,,valet tray wood personalized,656,Wood,Medium,,,53.800000000000004,34.0,82.0,52.0
143,"Custom Wooden Utensil Holder, Personalized Rotating Kitchen Utensil Container",DesignsByManon,17.0,106,1802.0,67,837,167,14,,,utensil holder wood kitchen,1332,Wood,Medium,,,51.4,28.0,82.0,52.0
220,"Custom Wooden Utensil Holder, Personalized Rotating Kitchen Utensil Container",DesignsByManon,17.0,106,1802.0,67,837,167,14,,,utensil holder wood kitchen,1332,Wood,Medium,,,51.4,28.0,82.0,52.0
297,"Custom Wooden Utensil Holder, Personalized Rotating Kitchen Utensil Container",DesignsByManon,17.0,106,1802.0,67,837,167,14,,,utensil holder wood kitchen,1332,Wood,Medium,,,51.4,28.0,82.0,52.0
104,Custom drawer organizer for spices configured to fit your drawer,olivebirchdesign,85.0,18,1530.0,200,181,39,35,,,spice drawer organizer wood,178,Wood,Medium,,,58.9,52.0,82.0,45.0
181,Custom drawer organizer for spices configured to fit your drawer,olivebirchdesign,85.0,18,1530.0,200,181,39,35,,,spice drawer organizer wood,178,Wood,Medium,,,58.9,52.0,82.0,45.0
258,Custom drawer organizer for spices configured to fit your drawer,olivebirchdesign,85.0,18,1530.0,200,181,39,35,,,spice drawer organizer wood,178,Wood,Medium,,,58.9,52.0,82.0,45.0
33,"Hardwood Cable Hiding Shelf: AV Box, Cord Management",FeatureSquad,197.95,7,1386.0,100,86,47,22,Tech Accessories,cable_organizers,cable organizer desk,1387,,,,,,,,
132,"Hardwood Cable Hiding Shelf: AV Box, Cord Management",FeatureSquad,197.95,7,1386.0,100,86,47,22,,,tech_accessories cable_organizers,1387,Wood,Medium,,,54.1,34.0,82.0,53.0
209,"Hardwood Cable Hiding Shelf: AV Box, Cord Management",FeatureSquad,197.95,7,1386.0,100,86,47,22,,,tech_accessories cable_organizers,1387,Wood,Medium,,,54.1,34.0,82.0,53.0
286,"Hardwood Cable Hiding Shelf: AV Box, Cord Management",FeatureSquad,197.95,7,1386.0,100,86,47,22,,,tech_accessories cable_organizers,1387,Wood,Medium,,,54.1,34.0,82.0,53.0
114,Handmade Wooden Hanging Bird Feeder for Garden – Personalized Memorial Gift,PromiDesign,62.29,20,1246.0,100,142,21,8,,,birdhouse custom wood,344,Wood,Medium,,,57.4,46.0,82.0,48.0
191,Handmade Wooden Hanging Bird Feeder for Garden – Personalized Memorial Gift,PromiDesign,62.29,20,1246.0,100,142,21,8,,,birdhouse custom wood,344,Wood,Medium,,,57.4,46.0,82.0,48.0
268,Handmade Wooden Hanging Bird Feeder for Garden – Personalized Memorial Gift,PromiDesign,62.29,20,1246.0,100,142,21,8,,,birdhouse custom wood,344,Wood,Medium,,,57.4,46.0,82.0,48.0
102,Hardwood MagSafe Charging Stand: Solid Walnut or Oak iPhone Dock,StemBear,102.89,12,1235.0,100,370,101,40,,,MagSafe charging stand wood,144,Wood + Electronics,Medium,,,58.9,46.0,82.0,53.0
179,Hardwood MagSafe Charging Stand: Solid Walnut or Oak iPhone Dock,StemBear,102.89,12,1235.0,100,370,101,40,,,MagSafe charging stand wood,144,Wood + Electronics,Medium,,,58.9,46.0,82.0,53.0
256,Hardwood MagSafe Charging Stand: Solid Walnut or Oak iPhone Dock,StemBear,102.89,12,1235.0,100,370,101,40,,,MagSafe charging stand wood,144,Wood + Electronics,Medium,,,58.9,46.0,82.0,53.0
1,"Retro iPhone Case: Mainframe UNU, 3D Printed, MagSafe Compatible",WeLoveProps3D,55.0,22,1210.0,100,47,8,8,3D Printed Products,phone_stands,3D printed phone stand,2979,,,,,,,,
156,"Retro iPhone Case: Mainframe UNU, 3D Printed, MagSafe Compatible",WeLoveProps3D,55.0,22,1210.0,100,47,8,8,,,3d_printing phone_stands,2979,3D Printed,Medium,,,46.6,28.0,70.0,48.0
233,"Retro iPhone Case: Mainframe UNU, 3D Printed, MagSafe Compatible",WeLoveProps3D,55.0,22,1210.0,100,47,8,8,,,3d_printing phone_stands,2979,3D Printed,Medium,,,46.6,28.0,70.0,48.0
310,"Retro iPhone Case: Mainframe UNU, 3D Printed, MagSafe Compatible",WeLoveProps3D,55.0,22,1210.0,100,47,8,8,,,3d_printing phone_stands,2979,3D Printed,Medium,,,46.6,28.0,70.0,48.0
2,Personalized Phone Stand Charging Station Desk Organizer,RistInnovations,28.5,41,1169.0,200,106,36,4,3D Printed Products,phone_stands,3D printed phone stand,2979,,,,,,,,
157,Personalized Phone Stand Charging Station Desk Organizer,RistInnovations,28.5,41,1169.0,200,106,36,4,,,3d_printing phone_stands,2979,3D Printed,Medium,,,46.6,34.0,70.0,40.0
234,Personalized Phone Stand Charging Station Desk Organizer,RistInnovations,28.5,41,1169.0,200,106,36,4,,,3d_printing phone_stands,2979,3D Printed,Medium,,,46.6,34.0,70.0,40.0
311,Personalized Phone Stand Charging Station Desk Organizer,RistInnovations,28.5,41,1169.0,200,106,36,4,,,3d_printing phone_stands,2979,3D Printed,Medium,,,46.6,34.0,70.0,40.0
122,"MagSafe Phone Stand, Wood iPhone Charging Dock",ModhausCo,89.0,13,1157.0,100,117,49,19,,,MagSafe charging stand wood,144,Wood + Electronics,Medium,,,56.5,46.0,82.0,45.0
199,"MagSafe Phone Stand, Wood iPhone Charging Dock",ModhausCo,89.0,13,1157.0,100,117,49,19,,,MagSafe charging stand wood,144,Wood + Electronics,Medium,,,56.5,46.0,82.0,45.0
276,"MagSafe Phone Stand, Wood iPhone Charging Dock",ModhausCo,89.0,13,1157.0,100,117,49,19,,,MagSafe charging stand wood,144,Wood + Electronics,Medium,,,56.5,46.0,82.0,45.0
9,Teal Blue Resin River Wood Drink Coasters Set of 4,ErsennStore,87.0,13,1131.0,100,22,3,3,Resin + Wood Hybrid Products,coasters,resin wood coaster,2979,,,,,,,,
148,Teal Blue Resin River Wood Drink Coasters Set of 4,ErsennStore,87.0,13,1131.0,100,22,3,3,,,resin_wood_combinations coasters,2979,Resin/Epoxy,Medium,,,49.3,28.0,82.0,45.0
225,Teal Blue Resin River Wood Drink Coasters Set of 4,ErsennStore,87.0,13,1131.0,100,22,3,3,,,resin_wood_combinations coasters,2979,Resin/Epoxy,Medium,,,49.3,28.0,82.0,45.0
302,Teal Blue Resin River Wood Drink Coasters Set of 4,ErsennStore,87.0,13,1131.0,100,22,3,3,,,resin_wood_combinations coasters,2979,Resin/Epoxy,Medium,,,49.3,28.0,82.0,45.0
141,"Wood Birdhouse, Bird House, Decorative Birdhouse",TheBirdhouseOfOrange,34.0,30,1020.0,50,908,235,72,,,birdhouse custom wood,344,Wood,Medium,,,52.599999999999994,40.0,82.0,40.0
218,"Wood Birdhouse, Bird House, Decorative Birdhouse",TheBirdhouseOfOrange,34.0,30,1020.0,50,908,235,72,,,birdhouse custom wood,344,Wood,Medium,,,52.599999999999994,40.0,82.0,40.0
295,"Wood Birdhouse, Bird House, Decorative Birdhouse",TheBirdhouseOfOrange,34.0,30,1020.0,50,908,235,72,,,birdhouse custom wood,344,Wood,Medium,,,52.599999999999994,40.0,82.0,40.0
150,Pick 6 Herb Garden - Window Seed Starter Kit -Cedar Wood Indoor Outdoor Planter Box,MomsTree,47.95,21,1007.0,0,1660,261,52,,,wood planter box outdoor,850,Wood,Medium,,,49.0,31.0,82.0,40.0
227,Pick 6 Herb Garden - Window Seed Starter Kit -Cedar Wood Indoor Outdoor Planter Box,MomsTree,47.95,21,1007.0,0,1660,261,52,,,wood planter box outdoor,850,Wood,Medium,,,49.0,31.0,82.0,40.0
304,Pick 6 Herb Garden - Window Seed Starter Kit -Cedar Wood Indoor Outdoor Planter Box,MomsTree,47.95,21,1007.0,0,1660,261,52,,,wood planter box outdoor,850,Wood,Medium,,,49.0,31.0,82.0,40.0
103,3-in-1 Mag-Safe Wireless Charger: Black Walnut Wood & Aluminum,LohaCustomOfficial,89.0,11,979.0,200,42,8,6,,,MagSafe charging stand wood,144,Wood + Electronics,Medium,,,58.9,52.0,82.0,45.0
180,3-in-1 Mag-Safe Wireless Charger: Black Walnut Wood & Aluminum,LohaCustomOfficial,89.0,11,979.0,200,42,8,6,,,MagSafe charging stand wood,144,Wood + Electronics,Medium,,,58.9,52.0,82.0,45.0
257,3-in-1 Mag-Safe Wireless Charger: Black Walnut Wood & Aluminum,LohaCustomOfficial,89.0,11,979.0,200,42,8,6,,,MagSafe charging stand wood,144,Wood + Electronics,Medium,,,58.9,52.0,82.0,45.0
115,"Birdhouse, Rustic Birdhouse, Fairy Cottage Birdhouse",TheRibbonCottage,25.0,39,975.0,200,888,241,22,,,birdhouse custom wood,344,Wood,Medium,,,57.4,52.0,82.0,40.0
192,"Birdhouse, Rustic Birdhouse, Fairy Cottage Birdhouse",TheRibbonCottage,25.0,39,975.0,200,888,241,22,,,birdhouse custom wood,344,Wood,Medium,,,57.4,52.0,82.0,40.0
269,"Birdhouse, Rustic Birdhouse, Fairy Cottage Birdhouse",TheRibbonCottage,25.0,39,975.0,200,888,241,22,,,birdhouse custom wood,344,Wood,Medium,,,57.4,52.0,82.0,40.0
10,Resin Coaster Set with Holder Drink Coasters Round Coasters,JeffsCleverGifts,39.99,24,960.0,0,31,8,5,Resin + Wood Hybrid Products,coasters,resin wood coaster,2979,,,,,,,,
128,Handmade Walnut Pegboard Shelf / Hanging Organizer / Wooden Floating Shelf,GoodLuckWoodworksOH,160.0,6,960.0,0,18,4,20,,,pegboard organizer wood,177,Wood,Medium,,,55.3,37.0,82.0,53.0
161,Resin Coaster Set with Holder Drink Coasters Round Coasters,JeffsCleverGifts,39.99,24,960.0,0,31,8,5,,,resin_wood_combinations coasters,2979,Resin/Epoxy,Medium,,,44.199999999999996,19.0,82.0,40.0
205,Handmade Walnut Pegboard Shelf / Hanging Organizer / Wooden Floating Shelf,GoodLuckWoodworksOH,160.0,6,960.0,0,18,4,20,,,pegboard organizer wood,177,Wood,Medium,,,55.3,37.0,82.0,53.0
238,Resin Coaster Set with Holder Drink Coasters Round Coasters,JeffsCleverGifts,39.99,24,960.0,0,31,8,5,,,resin_wood_combinations coasters,2979,Resin/Epoxy,Medium,,,44.199999999999996,19.0,82.0,40.0
282,Handmade Walnut Pegboard Shelf / Hanging Organizer / Wooden Floating Shelf,GoodLuckWoodworksOH,160.0,6,960.0,0,18,4,20,,,pegboard organizer wood,177,Wood,Medium,,,55.3,37.0,82.0,53.0
315,Resin Coaster Set with Holder Drink Coasters Round Coasters,JeffsCleverGifts,39.99,24,960.0,0,31,8,5,,,resin_wood_combinations coasters,2979,Resin/Epoxy,Medium,,,44.199999999999996,19.0,82.0,40.0
11,"Handcrafted Walnut Wood River Coasters: Live Edge Epoxy Resin, Set of 4",MoorWoodShop,114.83,8,919.0,0,45,11,6,Resin + Wood Hybrid Products,coasters,resin wood coaster,2979,,,,,,,,
154,"Handcrafted Walnut Wood River Coasters: Live Edge Epoxy Resin, Set of 4",MoorWoodShop,114.83,8,919.0,0,45,11,6,,,resin_wood_combinations coasters,2979,Resin/Epoxy,Medium,,,48.099999999999994,19.0,82.0,53.0
231,"Handcrafted Walnut Wood River Coasters: Live Edge Epoxy Resin, Set of 4",MoorWoodShop,114.83,8,919.0,0,45,11,6,,,resin_wood_combinations coasters,2979,Resin/Epoxy,Medium,,,48.099999999999994,19.0,82.0,53.0
308,"Handcrafted Walnut Wood River Coasters: Live Edge Epoxy Resin, Set of 4",MoorWoodShop,114.83,8,919.0,0,45,11,6,,,resin_wood_combinations coasters,2979,Resin/Epoxy,Medium,,,48.099999999999994,19.0,82.0,53.0
138,Handmade Custom Heavy Duty Rectangular Raised Indoor/Outdoor Cedar Wood Garden Planter Box,WOODSCRAPPERSART,149.0,6,894.0,0,93,17,110,,,wood planter box outdoor,850,Wood,Medium,,,52.9,31.0,82.0,53.0
215,Handmade Custom Heavy Duty Rectangular Raised Indoor/Outdoor Cedar Wood Garden Planter Box,WOODSCRAPPERSART,149.0,6,894.0,0,93,17,110,,,wood planter box outdoor,850,Wood,Medium,,,52.9,31.0,82.0,53.0
292,Handmade Custom Heavy Duty Rectangular Raised Indoor/Outdoor Cedar Wood Garden Planter Box,WOODSCRAPPERSART,149.0,6,894.0,0,93,17,110,,,wood planter box outdoor,850,Wood,Medium,,,52.9,31.0,82.0,53.0
13,"Dried Pressed Flowers and Leaves for Resin, Jewelry DIY",AvisFloralsAndGifts,3.78,217,820.0,83,22061,3457,51,Resin + Wood Hybrid Products,resin_art_coasters,resin art coaster,10055,,,,,,,,
155,"Dried Pressed Flowers and Leaves for Resin, Jewelry DIY",AvisFloralsAndGifts,3.78,217,820.0,83,22061,3457,51,,,resin_wood_combinations resin_art_coasters,10055,Resin/Epoxy,Medium,,,47.199999999999996,13.0,82.0,58.0
232,"Dried Pressed Flowers and Leaves for Resin, Jewelry DIY",AvisFloralsAndGifts,3.78,217,820.0,83,22061,3457,51,,,resin_wood_combinations resin_art_coasters,10055,Resin/Epoxy,Medium,,,47.199999999999996,13.0,82.0,58.0
309,"Dried Pressed Flowers and Leaves for Resin, Jewelry DIY",AvisFloralsAndGifts,3.78,217,820.0,83,22061,3457,51,,,resin_wood_combinations resin_art_coasters,10055,Resin/Epoxy,Medium,,,47.199999999999996,13.0,82.0,58.0
3,Stickman Phone Tablet Stand – 3D Printed Desk Accessory,LewyoxDesigns,8.08,96,776.0,75,174,39,11,3D Printed Products,phone_stands,3D printed phone stand,2979,,,,,,,,
162,Stickman Phone Tablet Stand – 3D Printed Desk Accessory,LewyoxDesigns,8.08,96,776.0,75,174,39,11,,,3d_printing phone_stands,2979,3D Printed,Medium,,,43.6,22.0,70.0,46.0
239,Stickman Phone Tablet Stand – 3D Printed Desk Accessory,LewyoxDesigns,8.08,96,776.0,75,174,39,11,,,3d_printing phone_stands,2979,3D Printed,Medium,,,43.6,22.0,70.0,46.0
316,Stickman Phone Tablet Stand – 3D Printed Desk Accessory,LewyoxDesigns,8.08,96,776.0,75,174,39,11,,,3d_printing phone_stands,2979,3D Printed,Medium,,,43.6,22.0,70.0,46.0
24,"Rustic American Flag, Wooden American Flag",EagleWoodFlagCo,110.0,7,770.0,0,1395,386,69,CNC & Laser Cut Products,laser_cut_art,laser cut wood art,910,,,,,,,,
137,"Rustic American Flag, Wooden American Flag",EagleWoodFlagCo,110.0,7,770.0,0,1395,386,69,,,cnc_laser_products laser_cut_art,910,CNC/Laser,Medium,,,52.9,31.0,82.0,53.0
214,"Rustic American Flag, Wooden American Flag",EagleWoodFlagCo,110.0,7,770.0,0,1395,386,69,,,cnc_laser_products laser_cut_art,910,CNC/Laser,Medium,,,52.9,31.0,82.0,53.0
291,"Rustic American Flag, Wooden American Flag",EagleWoodFlagCo,110.0,7,770.0,0,1395,386,69,,,cnc_laser_products laser_cut_art,910,CNC/Laser,Medium,,,52.9,31.0,82.0,53.0
147,DIY Furniture Woodworking Plans for Beginners: 40 Outdoor-Indoor Projects,PlansDIYs,49.99,15,750.0,50,1195,114,28,,,wood planter box outdoor,850,Wood,Medium,,,49.300000000000004,34.0,82.0,37.0
224,DIY Furniture Woodworking Plans for Beginners: 40 Outdoor-Indoor Projects,PlansDIYs,49.99,15,750.0,50,1195,114,28,,,wood planter box outdoor,850,Wood,Medium,,,49.300000000000004,34.0,82.0,37.0
301,DIY Furniture Woodworking Plans for Beginners: 40 Outdoor-Indoor Projects,PlansDIYs,49.99,15,750.0,50,1195,114,28,,,wood planter box outdoor,850,Wood,Medium,,,49.300000000000004,34.0,82.0,37.0
14,Handmade Resin Flower Coaster with Real Pressed Flowers & Gold Foil,DreamscapeResin,18.7,36,673.0,200,169,61,16,Resin + Wood Hybrid Products,resin_art_coasters,resin art coaster,10055,,,,,,,,
158,Handmade Resin Flower Coaster with Real Pressed Flowers & Gold Foil,DreamscapeResin,18.7,36,673.0,200,169,61,16,,,resin_wood_combinations resin_art_coasters,10055,Resin/Epoxy,Medium,,,46.599999999999994,25.0,82.0,40.0
235,Handmade Resin Flower Coaster with Real Pressed Flowers & Gold Foil,DreamscapeResin,18.7,36,673.0,200,169,61,16,,,resin_wood_combinations resin_art_coasters,10055,Resin/Epoxy,Medium,,,46.599999999999994,25.0,82.0,40.0
312,Handmade Resin Flower Coaster with Real Pressed Flowers & Gold Foil,DreamscapeResin,18.7,36,673.0,200,169,61,16,,,resin_wood_combinations resin_art_coasters,10055,Resin/Epoxy,Medium,,,46.599999999999994,25.0,82.0,40.0
112,Side-by-Side Floor Display – Modular Wood Pegboard Rack with Shelves & Pegs,OAKNSMITH,540.0,1,540.0,0,2,1,7,,,pegboard organizer wood,177,Wood,Medium,,,57.7,37.0,82.0,61.0
189,Side-by-Side Floor Display – Modular Wood Pegboard Rack with Shelves & Pegs,OAKNSMITH,540.0,1,540.0,0,2,1,7,,,pegboard organizer wood,177,Wood,Medium,,,57.7,37.0,82.0,61.0
266,Side-by-Side Floor Display – Modular Wood Pegboard Rack with Shelves & Pegs,OAKNSMITH,540.0,1,540.0,0,2,1,7,,,pegboard organizer wood,177,Wood,Medium,,,57.7,37.0,82.0,61.0
124,Wooden Wireless Induction Charger. Qi Charging Station Pad 15 W,Pedpac,54.74,9,493.0,100,37,7,39,,,wireless charging pad wood,199,Wood + Electronics,Medium,,,56.5,46.0,82.0,45.0
201,Wooden Wireless Induction Charger. Qi Charging Station Pad 15 W,Pedpac,54.74,9,493.0,100,37,7,39,,,wireless charging pad wood,199,Wood + Electronics,Medium,,,56.5,46.0,82.0,45.0
278,Wooden Wireless Induction Charger. Qi Charging Station Pad 15 W,Pedpac,54.74,9,493.0,100,37,7,39,,,wireless charging pad wood,199,Wood + Electronics,Medium,,,56.5,46.0,82.0,45.0
139,Personalized Wood Wireless Charger Qi Tech gifts for men,SkinWoodWorkShop,95.0,5,475.0,0,17,4,56,,,wireless charging pad wood,199,Wood + Electronics,Medium,,,52.9,37.0,82.0,45.0
216,Personalized Wood Wireless Charger Qi Tech gifts for men,SkinWoodWorkShop,95.0,5,475.0,0,17,4,56,,,wireless charging pad wood,199,Wood + Electronics,Medium,,,52.9,37.0,82.0,45.0
293,Personalized Wood Wireless Charger Qi Tech gifts for men,SkinWoodWorkShop,95.0,5,475.0,0,17,4,56,,,wireless charging pad wood,199,Wood + Electronics,Medium,,,52.9,37.0,82.0,45.0
140,Wood Grain Soap Dispenser Set: Modern Bathroom Vanity,VestaLaneGB,77.12,6,463.0,0,4,1,2,,,soap dispenser wood bathroom,228,Wood,Medium,,,52.9,37.0,82.0,45.0
217,Wood Grain Soap Dispenser Set: Modern Bathroom Vanity,VestaLaneGB,77.12,6,463.0,0,4,1,2,,,soap dispenser wood bathroom,228,Wood,Medium,,,52.9,37.0,82.0,45.0
294,Wood Grain Soap Dispenser Set: Modern Bathroom Vanity,VestaLaneGB,77.12,6,463.0,0,4,1,2,,,soap dispenser wood bathroom,228,Wood,Medium,,,52.9,37.0,82.0,45.0
145,Diatomaceous Earth Bottle Tray - Farmhouse Kitchen Soap Dispenser Tray,sanwacraft,32.91,5,165.0,0,9,2,6,,,soap dispenser wood bathroom,228,Wood,Medium,,,50.5,37.0,82.0,37.0
222,Diatomaceous Earth Bottle Tray - Farmhouse Kitchen Soap Dispenser Tray,sanwacraft,32.91,5,165.0,0,9,2,6,,,soap dispenser wood bathroom,228,Wood,Medium,,,50.5,37.0,82.0,37.0
299,Diatomaceous Earth Bottle Tray - Farmhouse Kitchen Soap Dispenser Tray,sanwacraft,32.91,5,165.0,0,9,2,6,,,soap dispenser wood bathroom,228,Wood,Medium,,,50.5,37.0,82.0,37.0
133,Mountain Landscape Desk Mat: Rustic Nature-Inspired Mouse Pad,TailoredTrovebyTADA,34.0,4,136.0,100,19,8,11,,,gaming mouse pad wood,317,Wood,Medium,,,54.1,46.0,82.0,37.0
210,Mountain Landscape Desk Mat: Rustic Nature-Inspired Mouse Pad,TailoredTrovebyTADA,34.0,4,136.0,100,19,8,11,,,gaming mouse pad wood,317,Wood,Medium,,,54.1,46.0,82.0,37.0
287,Mountain Landscape Desk Mat: Rustic Nature-Inspired Mouse Pad,TailoredTrovebyTADA,34.0,4,136.0,100,19,8,11,,,gaming mouse pad wood,317,Wood,Medium,,,54.1,46.0,82.0,37.0
