id,name,created_at
1,WeLoveProps3D,2026-01-02 14:38:16
2,RistInnovations,2026-01-02 14:38:16
3,LewyoxDesigns,2026-01-02 14:38:16
4,GunView,2026-01-02 14:38:16
5,ExtrudeCoLab,2026-01-02 14:38:16
6,CarterPrintingCo,2026-01-02 14:38:16
7,Sawitreartstudio,2026-01-02 14:38:16
8,VerdentEssence,2026-01-02 14:38:16
9,ErsennStore,2026-01-02 14:38:16
10,JeffsCleverGifts,2026-01-02 14:38:16
11,MoorWoodShop,2026-01-02 14:38:16
12,NikkisStuffNThings,2026-01-02 14:38:16
13,AvisFloralsAndGifts,2026-01-02 14:38:16
14,DreamscapeResin,2026-01-02 14:38:16
15,WoodDora,2026-01-02 14:38:16
16,PopCardsByHa,2026-01-02 14:38:16
17,BreakWooden,2026-01-02 14:38:16
18,Hirosart,2026-01-02 14:38:16
19,MrChuahStore,2026-01-02 14:38:16
20,ShabtownSigns,2026-01-02 14:38:16
21,FarmhouseTimbers,2026-01-02 14:38:16
22,EagleWoodFlagCo,2026-01-02 14:38:16
23,MontiqueCrafts,2026-01-02 14:38:16
24,SicilianElegance,2026-01-02 14:38:16
25,ColorfulLifers,2026-01-02 14:38:16
26,LampByGift,2026-01-02 14:38:16
27,3dhobbyhub,2026-01-02 14:38:16
28,SerdarWood,2026-01-02 14:38:16
29,FeatureSquad,2026-01-02 14:38:16
30,LuminaraLuxe,2026-01-02 14:38:16
31,EngraveMyMemories,2026-01-02 14:38:16
32,UrbanEngravings,2026-01-02 14:38:16
33,ModWoodCo,2026-01-02 14:38:16
34,Back40life,2026-01-02 14:38:16
35,austero,2026-01-02 14:38:16
36,MapCuts,2026-01-02 14:38:16
37,KokoBoloDesign,2026-01-02 14:38:16
38,EnjoyTheWood,2026-01-02 14:38:16
39,FalkelDesign,2026-01-02 14:38:16
40,LignousLaser,2026-01-02 14:38:16
41,SDPrecisionWorks,2026-01-02 14:38:16
42,SHANIKStore,2026-01-02 14:38:16
43,holmeandhadfield,2026-01-02 14:38:16
44,Objecttt,2026-01-02 14:38:16
45,Autmure,2026-01-02 14:38:16
46,RootsToTable,2026-01-02 14:38:16
47,WoodGothicCraft,2026-01-02 14:38:16
48,OwlCreationDesign,2026-01-02 14:38:16
49,ProMirror,2026-01-02 14:38:16
50,WoodDecorPW,2026-01-02 14:38:16
51,ZombieWoodworks,2026-01-02 14:38:16
52,TwistedBranchDesigns,2026-01-02 14:38:16
53,CraftsmanSmith,2026-01-02 14:38:16
54,BattleBornWoodShopLV,2026-01-02 14:38:16
55,StemBear,2026-01-02 14:38:16
56,LohaCustomOfficial,2026-01-02 14:38:16
57,olivebirchdesign,2026-01-02 14:38:16
58,woodceylondotcom,2026-01-02 14:38:16
59,OAKNSMITH,2026-01-02 14:38:16
60,PromiDesign,2026-01-02 14:38:16
61,TheRibbonCottage,2026-01-02 14:38:16
62,imageworksva,2026-01-02 14:38:16
63,ArtisRaw,2026-01-02 14:38:16
64,ModhausCo,2026-01-02 14:38:16
65,PastosCo,2026-01-02 14:38:16
66,Pedpac,2026-01-02 14:38:16
67,GoodLuckWoodworksOH,2026-01-02 14:38:16
68,HomeDesignWell,2026-01-02 14:38:16
69,TailoredTrovebyTADA,2026-01-02 14:38:16
70,KaiyaGifts,2026-01-02 14:38:16
71,WOODSCRAPPERSART,2026-01-02 14:38:16
72,SkinWoodWorkShop,2026-01-02 14:38:16
73,VestaLaneGB,2026-01-02 14:38:16
74,TheBirdhouseOfOrange,2026-01-02 14:38:16
75,KeelanScott,2026-01-02 14:38:16
76,DesignsByManon,2026-01-02 14:38:16
77,ArtificiaDecor,2026-01-02 14:38:16
78,sanwacraft,2026-01-02 14:38:16
79,TreeTopUrns,2026-01-02 14:38:16
80,PlansDIYs,2026-01-02 14:38:16
81,MomsTree,2026-01-02 14:38:16
