product_name,shop,price,monthly_sales,monthly_revenue,growth_rate,search_term,competition,opportunity_score,market_score,feasibility_score,competition_level
Heavy Duty Desk with Keyboard Tray For Studio Musician Gaming Piano,ZombieWoodworks,499.0,12,5988.0,200,gaming keyboard stand wood,49,68.5,64.0,82.0,Very Low
Heavy Duty Desk with Keyboard Tray For Studio Musician Gaming Piano,ZombieWoodworks,499.0,12,5988.0,200,gaming keyboard stand wood,49,68.5,64.0,82.0,Very Low
Heavy Duty Desk with Keyboard Tray For Studio Musician Gaming Piano,ZombieWoodworks,499.0,12,5988.0,200,gaming keyboard stand wood,49,68.5,64.0,82.0,Very Low
Personalized Gaming Controller and Headphone Stand,LampByGift,61.99,227,14072.0,500,gaming_accessories controller_stands,6540,68.39999999999999,60.0,82.0,High
Personalized Gaming Controller and Headphone Stand,LampByGift,61.99,227,14072.0,500,gaming_accessories controller_stands,6540,68.39999999999999,60.0,82.0,High
Personalized Gaming Controller and Headphone Stand,LampByGift,61.99,227,14072.0,500,gaming_accessories controller_stands,6540,68.39999999999999,60.0,82.0,High
"Personalized Serving Board for Couple, Marble Wood Cheese Board",MontiqueCrafts,129.18,1158,149590.0,92,cnc_laser_products custom_engraved,101516,68.2,49.0,82.0,High
"Personalized Serving Board for Couple, Marble Wood Cheese Board",MontiqueCrafts,129.18,1158,149590.0,92,cnc_laser_products custom_engraved,101516,68.2,49.0,82.0,High
"Personalized Serving Board for Couple, Marble Wood Cheese Board",MontiqueCrafts,129.18,1158,149590.0,92,cnc_laser_products custom_engraved,101516,68.2,49.0,82.0,High
Personalized 8 Slot Wooden Watch Box Acrylic Lid Detachable Stands,SHANIKStore,349.99,43,16920.0,200,watch box wood display,1450,67.8,60.0,82.0,Medium
Personalized 8 Slot Wooden Watch Box Acrylic Lid Detachable Stands,SHANIKStore,349.99,43,16920.0,200,watch box wood display,1450,67.8,60.0,82.0,Medium
Personalized 8 Slot Wooden Watch Box Acrylic Lid Detachable Stands,SHANIKStore,349.99,43,16920.0,200,watch box wood display,1450,67.8,60.0,82.0,Medium
Personalized serving board for couple or family gift,SicilianElegance,57.5,617,35478.0,62,cnc_laser_products custom_engraved,101516,62.599999999999994,41.0,82.0,High
Personalized serving board for couple or family gift,SicilianElegance,57.5,617,35478.0,62,cnc_laser_products custom_engraved,101516,62.599999999999994,41.0,82.0,High
Personalized serving board for couple or family gift,SicilianElegance,57.5,617,35478.0,62,cnc_laser_products custom_engraved,101516,62.599999999999994,41.0,82.0,High
Nursery Name Sign | Nursery Decor | Wooden Name Cutout,ModWoodCo,121.61,250,30403.0,13,home_decor wall_art,47962,62.0,38.0,82.0,High
Nursery Name Sign | Nursery Decor | Wooden Name Cutout,ModWoodCo,121.61,250,30403.0,13,home_decor wall_art,47962,62.0,38.0,82.0,High
Nursery Name Sign | Nursery Decor | Wooden Name Cutout,ModWoodCo,121.61,250,30403.0,13,home_decor wall_art,47962,62.0,38.0,82.0,High
Handmade live edge bathroom vanity modern wood vanity cabinet,OwlCreationDesign,4088.0,11,44968.0,0,bathroom organizer wood,4457,61.7,47.0,82.0,High
Handmade live edge bathroom vanity modern wood vanity cabinet,OwlCreationDesign,4088.0,11,44968.0,0,bathroom organizer wood,4457,61.7,47.0,82.0,High
Handmade live edge bathroom vanity modern wood vanity cabinet,OwlCreationDesign,4088.0,11,44968.0,0,bathroom organizer wood,4457,61.7,47.0,82.0,High
Round Live Edge Resin Coffee Table Walnut Side Table,BreakWooden,158.66,148,23482.0,75,resin_wood_combinations epoxy_tables,61638,61.4,41.0,82.0,High
ANIME Night Lamp Epoxy lamp handmade from wood and resin,Hirosart,137.25,199,27313.0,67,resin_wood_combinations resin_lamps,81307,61.4,41.0,82.0,High
Hollow Knight Resin Lamp: Anime Night Light,BreakWooden,158.66,148,23482.0,75,resin_wood_combinations resin_lamps,81307,61.4,41.0,82.0,High
Round Live Edge Resin Coffee Table Walnut Side Table,BreakWooden,158.66,148,23482.0,75,resin_wood_combinations epoxy_tables,61638,61.4,41.0,82.0,High
ANIME Night Lamp Epoxy lamp handmade from wood and resin,Hirosart,137.25,199,27313.0,67,resin_wood_combinations resin_lamps,81307,61.4,41.0,82.0,High
Hollow Knight Resin Lamp: Anime Night Light,BreakWooden,158.66,148,23482.0,75,resin_wood_combinations resin_lamps,81307,61.4,41.0,82.0,High
Round Live Edge Resin Coffee Table Walnut Side Table,BreakWooden,158.66,148,23482.0,75,resin_wood_combinations epoxy_tables,61638,61.4,41.0,82.0,High
ANIME Night Lamp Epoxy lamp handmade from wood and resin,Hirosart,137.25,199,27313.0,67,resin_wood_combinations resin_lamps,81307,61.4,41.0,82.0,High
Hollow Knight Resin Lamp: Anime Night Light,BreakWooden,158.66,148,23482.0,75,resin_wood_combinations resin_lamps,81307,61.4,41.0,82.0,High
"Custom Epoxy Table, Rustic Dining Table",WoodDora,2750.0,19,52250.0,0,resin_wood_combinations epoxy_tables,61638,61.3,46.0,82.0,High
"Custom Epoxy Table, Rustic Dining Table",WoodDora,2750.0,19,52250.0,0,resin_wood_combinations epoxy_tables,61638,61.3,46.0,82.0,High
"Custom Epoxy Table, Rustic Dining Table",WoodDora,2750.0,19,52250.0,0,resin_wood_combinations epoxy_tables,61638,61.3,46.0,82.0,High
Christmas Gift Custom Wood Cable Management Box,Sawitreartstudio,63.0,60,3780.0,400,tech_accessories cable_organizers,1387,60.8,50.0,82.0,Medium
"Personalized Glass Charcuterie Board, Epoxy River Resin Cutting Board",LuminaraLuxe,79.99,398,40236.0,69,kitchen_products cutting_boards,22221,60.8,41.0,82.0,High
Personalized Walnut Wood Valet Tray: Anniversary Gift for Him,BattleBornWoodShopLV,30.0,76,3320.0,300,valet tray wood personalized,656,60.8,56.0,82.0,Medium
Christmas Gift Custom Wood Cable Management Box,Sawitreartstudio,63.0,60,3780.0,400,tech_accessories cable_organizers,1387,60.8,50.0,82.0,Medium
"Personalized Glass Charcuterie Board, Epoxy River Resin Cutting Board",LuminaraLuxe,79.99,398,40236.0,69,kitchen_products cutting_boards,22221,60.8,41.0,82.0,High
Personalized Walnut Wood Valet Tray: Anniversary Gift for Him,BattleBornWoodShopLV,30.0,76,3320.0,300,valet tray wood personalized,656,60.8,56.0,82.0,Medium
Christmas Gift Custom Wood Cable Management Box,Sawitreartstudio,63.0,60,3780.0,400,tech_accessories cable_organizers,1387,60.8,50.0,82.0,Medium
"Personalized Glass Charcuterie Board, Epoxy River Resin Cutting Board",LuminaraLuxe,79.99,398,40236.0,69,kitchen_products cutting_boards,22221,60.8,41.0,82.0,High
Personalized Walnut Wood Valet Tray: Anniversary Gift for Him,BattleBornWoodShopLV,30.0,76,3320.0,300,valet tray wood personalized,656,60.8,56.0,82.0,Medium
Custom Engraved Wooden Jewelry Box with Drawers,ColorfulLifers,134.58,168,22609.0,30,cnc_laser_products custom_engraved,101516,60.199999999999996,38.0,82.0,High
Custom Engraved Wooden Jewelry Box with Drawers,ColorfulLifers,134.58,168,22609.0,30,cnc_laser_products custom_engraved,101516,60.199999999999996,38.0,82.0,High
Custom Engraved Wooden Jewelry Box with Drawers,ColorfulLifers,134.58,168,22609.0,30,cnc_laser_products custom_engraved,101516,60.199999999999996,38.0,82.0,High
