search_term,competition,category
wedding wishing well wood,137,wedding
wedding unity candle box,306,wedding
wedding time capsule box,312,wedding
wedding card tree wood,385,wedding
wedding sand ceremony box,661,wedding
wedding menu sign wood,716,wedding
wedding money box wood,724,wedding
wedding favor box wood,832,wedding
wedding easel wood,953,wedding
wedding display stand wood,1989,wedding
wedding bar sign wood,2293,wedding
wedding ceremony sign wood,2486,wedding
wedding table number holder,3411,wedding
wedding memory box wood,3725,wedding
wedding place card holder,5038,wedding
wedding keepsake box wood,6608,wedding
wedding photo frame wood,7567,wedding
wedding ring bearer box,11871,wedding
